{
    "320x240x5": {
      "frames_read": 240,
      "elapsed_time": 53.90042567253113,
      "real_fps": 4
    },
    "320x240x10": {
      "frames_read": 240,
      "elapsed_time": 19.99761724472046,
      "real_fps": 12
    },
    "320x240x15": {
      "frames_read": 240,
      "elapsed_time": 12.712911605834961,
      "real_fps": 18
    },
    "320x240x20": {
      "frames_read": 240,
      "elapsed_time": 12.44657015800476,
      "real_fps": 19
    },
    "320x240x25": {
      "frames_read": 240,
      "elapsed_time": 12.366374492645264,
      "real_fps": 19
    },
    "320x240x30": {
      "frames_read": 240,
      "elapsed_time": 12.36689567565918,
      "real_fps": 19
    },
    "320x240x60": {
      "frames_read": 240,
      "elapsed_time": 12.369977951049805,
      "real_fps": 19
    },
    "640x480x5": {
      "frames_read": 240,
      "elapsed_time": 53.951719999313354,
      "real_fps": 4
    },
    "640x480x10": {
      "frames_read": 240,
      "elapsed_time": 19.99968719482422,
      "real_fps": 12
    },
    "640x480x15": {
      "frames_read": 240,
      "elapsed_time": 12.66338562965393,
      "real_fps": 18
    },
    "640x480x20": {
      "frames_read": 240,
      "elapsed_time": 12.448412656784058,
      "real_fps": 19
    },
    "640x480x25": {
      "frames_read": 240,
      "elapsed_time": 12.368998527526855,
      "real_fps": 19
    },
    "640x480x30": {
      "frames_read": 240,
      "elapsed_time": 12.368831872940063,
      "real_fps": 19
    },
    "640x480x60": {
      "frames_read": 240,
      "elapsed_time": 12.37145209312439,
      "real_fps": 19
    },
    "720x480x5": {
      "frames_read": 240,
      "elapsed_time": 53.951992988586426,
      "real_fps": 4
    },
    "720x480x10": {
      "frames_read": 240,
      "elapsed_time": 19.999492645263672,
      "real_fps": 12
    },
    "720x480x15": {
      "frames_read": 240,
      "elapsed_time": 12.631074666976929,
      "real_fps": 19
    },
    "720x480x20": {
      "frames_read": 240,
      "elapsed_time": 12.448267221450806,
      "real_fps": 19
    },
    "720x480x25": {
      "frames_read": 240,
      "elapsed_time": 12.368426084518433,
      "real_fps": 19
    },
    "720x480x30": {
      "frames_read": 240,
      "elapsed_time": 12.36854863166809,
      "real_fps": 19
    },
    "720x480x60": {
      "frames_read": 240,
      "elapsed_time": 12.368789911270142,
      "real_fps": 19
    },
    "800x600x5": {
      "frames_read": 240,
      "elapsed_time": 53.94923996925354,
      "real_fps": 4
    },
    "800x600x10": {
      "frames_read": 240,
      "elapsed_time": 19.998961210250854,
      "real_fps": 12
    },
    "800x600x15": {
      "frames_read": 240,
      "elapsed_time": 19.99954319000244,
      "real_fps": 12
    },
    "800x600x20": {
      "frames_read": 240,
      "elapsed_time": 19.999324560165405,
      "real_fps": 12
    },
    "800x600x25": {
      "frames_read": 240,
      "elapsed_time": 20.000339031219482,
      "real_fps": 11
    },
    "800x600x30": {
      "frames_read": 240,
      "elapsed_time": 20.001810550689697,
      "real_fps": 11
    },
    "800x600x60": {
      "frames_read": 240,
      "elapsed_time": 19.999134063720703,
      "real_fps": 12
    },
    "1280x720x5": {
      "frames_read": 240,
      "elapsed_time": 38.9326491355896,
      "real_fps": 6
    },
    "1280x720x10": {
      "frames_read": 240,
      "elapsed_time": 39.326537132263184,
      "real_fps": 6
    },
    "1280x720x15": {
      "frames_read": 240,
      "elapsed_time": 39.250049114227295,
      "real_fps": 6
    },
    "1280x720x20": {
      "frames_read": 240,
      "elapsed_time": 39.169230461120605,
      "real_fps": 6
    },
    "1280x720x25": {
      "frames_read": 240,
      "elapsed_time": 39.168354749679565,
      "real_fps": 6
    },
    "1280x720x30": {
      "frames_read": 240,
      "elapsed_time": 39.17150902748108,
      "real_fps": 6
    },
    "1280x720x60": {
      "frames_read": 240,
      "elapsed_time": 39.170015811920166,
      "real_fps": 6
    },
    "1280x960x5": {
      "frames_read": 240,
      "elapsed_time": 39.24934363365173,
      "real_fps": 6
    },
    "1280x960x10": {
      "frames_read": 240,
      "elapsed_time": 39.08795404434204,
      "real_fps": 6
    },
    "1280x960x15": {
      "frames_read": 240,
      "elapsed_time": 39.24722242355347,
      "real_fps": 6
    },
    "1280x960x20": {
      "frames_read": 240,
      "elapsed_time": 39.008689165115356,
      "real_fps": 6
    },
    "1280x960x25": {
      "frames_read": 240,
      "elapsed_time": 38.93236970901489,
      "real_fps": 6
    },
    "1280x960x30": {
      "frames_read": 240,
      "elapsed_time": 39.089810371398926,
      "real_fps": 6
    },
    "1280x960x60": {
      "frames_read": 240,
      "elapsed_time": 39.167542695999146,
      "real_fps": 6
    },
    "1920x1080x5": {
      "frames_read": 240,
      "elapsed_time": 53.9121253490448,
      "real_fps": 4
    },
    "1920x1080x10": {
      "frames_read": 240,
      "elapsed_time": 54.126877307891846,
      "real_fps": 4
    },
    "1920x1080x15": {
      "frames_read": 240,
      "elapsed_time": 53.91115665435791,
      "real_fps": 4
    },
    "1920x1080x20": {
      "frames_read": 240,
      "elapsed_time": 53.9145610332489,
      "real_fps": 4
    },
    "1920x1080x25": {
      "frames_read": 240,
      "elapsed_time": 53.91379117965698,
      "real_fps": 4
    },
    "1920x1080x30": {
      "frames_read": 240,
      "elapsed_time": 53.912381410598755,
      "real_fps": 4
    },
    "1920x1080x60": {
      "frames_read": 240,
      "elapsed_time": 53.913716554641724,
      "real_fps": 4
    }
  }